Subj_5,Subj_7,Subj_8,Subj_10,Subj_14,Subj_15,Subj_18,Subj_23
80.3,2.6,60.6,0,35.2,275.4,0,7.2
180.2,0,57.2,0,96.4,184,0,51.6
118.2,7.8,7.6,0,176.2,125.6,0,0
195.5,0,45.2,0,74.33150651,74,0,0
25.6,0,110.4,0,20,19.2,0,0
0,10.2,50.2,87.75,7.6,14.4,0,76.8
7.5,0,7.6,44.5,0,9.6,0,31.4
48.9,0,12.6,111,20,24.2,0,57
52.2,0,47.8,0,7.6,63.2,0,87
64.8,0,25,0,12.6,7.2,0,29
53.9,0,2.6,44.5,102.4,38.6,0,2.4
0,15.4,63.2,28.25,2.6,38.6,0,45.8
0,12.8,134,67.25,12.6,31.4,0,155
56.2,0,97.4,44.5,15,31.2,0,12
54.5,0,2.6,9.5,17.6,9.6,0,29
99.8,0,7.6,0,98.4,12,55.33333333,0
79,0,125.4,48.25,56.73150651,28.8,0,75.8
62.2,0,72.8,294.25,17.6,33.8,0,106.6
41,35.8,15,273,7.6,14.4,34,81.2
22.1,7.6,129.6,85.5,12.6,36.2,0,4.8
129.9,0,161.2,0,2.6,9.6,81,19.4
18,0,327.2,226,0,37.2,243.3333333,17
25.1,0,15.65696313,48.25,0,16.8,406.3333333,7.2
0,0,147.6,12.5,56.8,14.4,42.66666667,46.2
0,5.2,38.6,283.5,89.4,9.6,51.33333333,179.8
0,0,0,37.75,99.8,9.6,34,0
0,0,0,126.75,0,7.2,153.6666667,7.2
0,5.2,2.6,34.5,10.2,0,0,26.6
0,0,0,22,12.6,0,0,66.6
0,0,0,15.75,7.6,21.8,0,51.6
0,0,35.2,71,0,2.4,0,120.8
65.2,0,22.6,0,12.6,7.2,0,9.6
17,0,0,15.75,30.2,2.4,8.666666667,12
0,0,0,12.5,0,9.6,0,14.4
49.9,0,0,55.75,0,31.4,21.33333333,184
87.1,0,0,131.75,0,4.8,117.6666667,14.4
112.8,0,0,67.25,15,9.6,0,4.8
136.9,0,0,31.5,0,72.8,0,4.8
150.1,0,0,37.75,0,56.4,17,2.4
112.2,0,5,3.25,0,26.6,0,21.8
26.5,0,0,25,0,85,34,4.8
10.5,2.6,0,0,0,122.6,86.33333333,9.6
39.8,2.6,0,22,2.6,38.6,325,0
69.4,0,7.6,0,10,90.4,135.6666667,60.2
55.2,0,0,0,5.2,102.4,371.3333333,99.2
52.6,0,0,0,41.6,24.2,274,50.8
24.8,56.2,41.6,0,10,2.4,179.3333333,12
16,50.8,10.2,0,0,19.2,651,14.4
27.4,18,0,0,10,33.6,520.6666667,14.4
65.2,7.6,5,3.25,12.6,26.4,106.6666667,43.4
56,20.4,5,34.5,65.6,112.2,0,12
32.9,0,20,113,5,87,0,63.2
5,0,5,0,38.6,85.8,0,112.4
6,0,0,34.5,27.6,19.4,0,36.2
13,136.8,0,91,67.2,43.4,0,19.4
104.8,222.8,0,82.25,2.6,7.2,0,166
117.3,5.2,15,0,20,4.8,0,36.2
222.1,7.6,0,0,7.6,7.2,101.6666667,2.4
107.4,0,0,120.5,7.6,4.8,0,65.6
5,0,0,259.25,0,2.4,0,16.8
0,0,0,44.5,143,4.8,0,41
0,0,2.6,126.75,22.6,24.2,0,45.8
0,0,0,0,0,9.6,0,24
0,0,0,0,0,26.6,0,33.8
55.7,0,0,0,5,14.4,0,50.8
10.5,0,0,0,0,0,0,24
0,0,0,0,0,0,0,28.8
2,2.6,0,0,32.6,16.8,0,21.8
2,0,0,0,5,9.6,0,33.8
0,0,0,0,0,12,0,2.4
0,0,0,0,22.6,21.6,34,31.4
11,0,0,0,17.6,36,38.33333333,9.6
0,5.2,2.6,99.75,15,4.8,0,14.4
7,0,0,108.5,0,56.4,0,16.8
0,0,2.6,0,10,9.6,47,41
4.5,0,7.6,0,5,7.2,0,16.8
6,0,0,0,0,56,0,14.4
0,38.4,0,0,15,16.8,55.33333333,29
0,0,0,6.25,62.4,2.4,0,0
0,0,2.6,0,5,0,0,183.6
2,23,12.6,0,5,21.6,0,58.4
0,18,0,28.25,35.6,26.6,0,14.4
9,0,76.2,0,0,55.6,0,48.8
0,0,70.6,0,0,33.8,0,9.6
0,0,7.6,0,0,16.8,0,9.6
0,0,0,0,0,56.6,0,14.4
0,0,2.6,0,0,121.6,0,39.6
0,0,0,0,0,54.4,0,73.4
0,0,0,74.75,0,55.6,0,60.6
0,2.6,0,0,5,111.6,0,17
0,0,0,9.5,86.8,290.2,0,21.8
0,25.6,0,0,15,148.2,0,0
0,0,0,0,0,100,0,2.4
21.5,0,0,0,62.8,142,0,0
48.6,0,0,78.5,25,93.8,0,19.4
0.5,7.6,0,0,186.2,108.6,0,76.8
0,0,32.6,0,134.6,117.4,0,81.2
0,0,5,25,0,153.6,0,19.2
0,0,0,0,0,327,0,9.6
22.8,0,7.6,15.75,27.6,342.8,0,12
4,30.8,7.6,0,32.6,164.6,0,9.6
19,2.6,0,0,10.2,91.8,0,36.2
29.5,2.6,2.6,44.5,12.6,283,4.333333333,34.2
83.1,0,0,3.25,37.8,196.6,0,21.8
165.9,0,5,201.5,0,60.2,0,12
40.9,7.6,116,0,20,24.2,0,16.8
65.3,0,15,0,0,12,0,0
43,0,20,0,10,48.2,34,0
0,0,0,0,0,71.8,0,4.8
18.3,0,129.6,3.25,0,56,0,0
58.2,0,155.6,0,17.6,61.2,0,0
1,0,0,0,0,53.6,0,2.4
2,2.6,35.6,0,0,31.2,0,73.8
0,0,2.6,0,53.8,31.4,0,12
0.5,0,0,0,0,64.6,8.666666667,0
0,0,0,9.5,0,69,0,26.6
3.5,0,0,0,2.6,24.2,0,12
0,18,5,0,0,47.8,0,69
10.5,0,2.6,0,0,50.8,42.66666667,26.4
0,0,0,0,0,63.6,0,0
3,39.4,5,0,0,26.6,141.6666667,7.2
8,0,0,0,0,39.21162871,0,7.2
17,0,2.6,0,0,107.2,4.333333333,0
0,0,2.6,0,27.6,38.8,0,17
0,0,0,0,40.2,36.2,0,19.4
0,0,7.6,0,17.6,7.2,76,85
1,0,10,0,5,7.2,30,0
0,0,10,0,40.2,21.6,38.33333333,4.8
0,0,0,0,40.2,19.2,0,29
0.5,2.6,0,0,0,0,0,2.4
2.5,0,0,0,5,16.8,0,60.4
0,5.2,0,0,12.6,2.4,0,31.4
0,0,0,0,25,29,4.333333333,24.2
0,0,0,44.5,10,4.8,8.666666667,0
1,0,7.6,9.5,7.6,17,111.6666667,80.6
0,0,0,3.25,0,33.8,0,238.6
11,0,0,138.75,10,0,0,72.4
48,0,15,99.75,22.6,2.4,0,47.8
176,0,38.6,428,22.6,7.2,0,7.2
167.6,0,50.6,529.5,47.6,4.8,0,21.8
170,0,0,0,5.2,7.2,0,83.6
90.4,0,0,0,5,19.2,0,2.4
41,0,0,0,30.2,2.4,76,24.2
76.9,0,0,0,76.2,9.6,0,0
39,0,2.6,0,299.2,12,47,7.2
27.5,0,10.2,0,56.8,4.8,0,4.8
102.3,20.4,2.6,3.25,143.2,0,17,0
232.6,0,0,0,181.2,16.8,0,0
173.3,5.2,7.6,0,0,53.2,86.33333333,0
91.9,7.6,0,0,30,31.4,64,0
22.5,0,41.6,71,25,2.4,0,4.8
64.7,46.2,83.4,6.5,0,9.6,0,108.2
50.2,0,0,3.25,37.6,24,47,37.2
105.9,0,0,0,7.6,40,0,65
24.5,0,0,0,0,26.6,47,12
74.1,0,7.6,0,17.6,0,38.33333333,0
8.5,36.4,22.6,3.25,30,9.6,0,9.6
22,0,2.6,0,67.8,29,0,24.2
0,0,0,0,55.2,14.4,0,14.4
2,2.6,0,0,0,2.4,0,135.8
60.7,36.4,104,28.25,0,9.6,0,12
18.1,0,0,286.75,0,9.6,0,117.4
15.5,70.6,0,34.5,0,7.2,0,81.6
2,57.8,0,0,0,16.8,0,29
135.5,0,0,0,0,4.8,0,33.8
194.2,67,0,0,0,19.2,0,12
192.2,159.8,0,0,0,16.8,0,2.4
84.4,111.6,0,0,0,19.2,65.66666667,17
218.3,70.6,0,0,0,2.4,0,4.8
59.1,0,0,0,50.2,21.6,47,14.4
24.5,0,0,0,66.2,14.4,0,54.6
27.5,0,0,0,38.6,47.8,0,159.8
64.1,0,35.6,0,0,2.4,0,93.6
28,57.8,0,0,0,21.8,0,24.2
86.3,0,0,0,0,2.4,0,16.8
216.4,0,0,0,0,4.8,0,4.8
24.5,0,0,0,0,38.6,47,2.4
41,0,0,0,0,21.8,86.33333333,4.8
131.6,0,56.8,0,2.6,2.4,4.333333333,4.8
242,0,5.2,0,0,2.4,0,0
142,0,0,124.25,15.2,0,70.66666667,4.8
114.6,0,0,25,15.2,7.2,0,0
166.7,0,0,0,0,2.4,0,0
87.3,0,0,0,5,9.6,0,4.8
525,10.2,0,0,0,26.4,55.33333333,4.8
474.9,0,0,0,0,48.4,0,0
151.4,0,0,0,12.6,29,0,0
197.1,0,22.6,0,12.6,14.4,0,0
114.1,0,0,0,101.4,12,0,2.4
80.1,0,0,0,2.6,2.4,0,21.8
26.5,0,15,0,62.8,9.6,0,2.4
34,42.4,59.4,0,47.2,14.4,0,0
54.5,12.8,0,0,0,0,47,2.4
243.4,0,0,63.25,30.2,2.4,21.33333333,7.2
40.2,88.6,0,34.5,7.6,48.4,0,0
170.6,57.8,0,0,88.4,2.4,0,0
111.3,18,0,104.25,7.6,0,4.333333333,0
119.3,0,0,48.25,0,21.8,117.6666667,0
189.1,20.4,0,0,15,19.2,0,0
57.6,0,0,40.75,0,24,0,19.4
114.1,0,0,0,0,0,30,0
106.7,0,0,0,0,12,0,19.4
44.1,0,0,74.75,0,0,228,2.4
91.6,30.8,38.6,18.75,0,24,76,4.8
161.8,81.4,12.6,0,0,0,86.33333333,14.4
31.6,61,7.6,3.25,0,36.4,51.33333333,2.4
0,0,12.6,0,20,7.2,51.33333333,2.4
8,0,2.6,357,20,14.4,42.66666667,0
1,0,7.6,28.25,17.6,7.2,8.666666667,19.4
59.6,0,15.2,0,30.2,31.4,4.333333333,0
370.1,0,15,0,17.6,16.8,8.666666667,9.6
123.4,0,0,0,47.6,7.2,0,17
194.8,0,47.2,0,0,14.4,0,0
238.9,0,0,0,15.2,24.2,4.333333333,2.4
150,2.6,0,71,0,0,65.66666667,24.2
287.9,0,0,0,0,12,96.33333333,2.4
116.9,0,0,0,95.2,33.8,8.666666667,29
48.2,0,0,0,32.6,21.8,47,7.2
131.3,0,0,0,59.8,4.8,60.66666667,7.2
59.2,0,0,28.25,0,26.6,101.6666667,12
99.1,0,32.6,0,69.2,2.4,8.666666667,39.6
128.2,20.4,138.4,0,15,0,169,48.8
146.7,0,0,279.75,0,7.2,21.33333333,76.8
269.3,18,0,252.25,0,7.2,111.6666667,14.4
369.4,72.6,0,273,56.73150651,7.2,42.66666667,45.8
224.6,42.4,0,365.25,0,19.4,235.6666667,2.4
261.5,150.6,0,190,0,4.8,65.66666667,7.2
458.4,28.2,2.6,429,0,16.8,4.333333333,2.4
171,0,0,252.25,0,0,4.333333333,7.2
139,0,0,324.5,0,56.6,55.33333333,0
102.4,0,0,0,56.8,0,473.6666667,2.4
43,0,0,0,15,0,333.6666667,2.4
99.2,0,0,0,0,26.6,0,7.2
479.8,0,0,0,20,19.2,0,0
511.6,0,0,0,38.6,7.2,0,19.4
255.6,0,0,99.75,0,2.4,0,0
221.5,0,0,0,27.6,21.6,0,0
247.6,0,0,0,0,21.8,0,0
453.8,0,0,0,0,45.8,0,0
255.2,0,0,0,15,9.6,0,0
502.5,0,0,0,0,4.8,0,0
391.1,0,0,0,0,16.8,0,0
287.9,0,10,0,0,82.8,8.666666667,0
196.3,7.6,0,0,0,17,0,0
277.2,103.4,0,0,0,34.2,4.333333333,7.2
346.6,103.4,0,0,0,0,8.666666667,0
422.8,7.6,2.6,0,0,33.8,0,2.4
221.2,0,0,0,5,31.4,0,0
187.6,0,0,0,0,9.6,25.66666667,51.2
233,0,0,0,97.4,9.6,420.6666667,61.8
284.9,0,0,44.5,229.4,84.6,0,78.6
266.3,0,10,0,48.6,2.4,0,62.8
245,0,0,0,53.2,19.2,0,2.4
359.6,0,0,0,56.2,4.8,0,0
237.8,0,0,203.75,69.2,16.8,0,7.2
331.2,0,22.6,31.25,65.8,7.2,0,24.2
264.5,0,0,0,50.6,56,0,2.4
353.8,0,0,44.5,5,9.6,0,7.2
321.5,0,0,78.25,5,19.2,0,21.6
207,0,0,0,0,36.2,0,2.4
303.5,0,0,0,56.73150651,19.2,0,0
275.9,2.6,0,28.25,5,4.8,0,0
206.6,0,0,34.5,138.2,19.4,0,2.4
248.9,0,0,31.25,35.2,21.6,38.33333333,0
254.4,0,30,476.75,10,2.4,8.666666667,0
128.5,0,10,0,0,7.2,17,0
157.6,0,2.6,3.25,5,4.8,0,7.2
430.3,0,0,3.25,0,7.2,0,2.4
210.4,0,0,0,136.6,14.4,0,12
451.6,0,0,0,104.9315065,4.8,0,0
361.1,2.6,7.6,0,86,16.8,0,0
368.1,0,10,0,154.1315065,98,0,4.8
565.2,0,0,25,66.73150651,9.6,17,29
463.4,36.4,2.6,0,7.6,43.4,136.3333333,33.8
222,0,0,71,52.2,26.4,0,0
488.1,2.6,15,91,84.8,0,0,0
423.1,57.8,0,0,144.6,4.8,0,0
670.9,61,176.2,0,157.2,24,0,0
463,51.8,10,0,214,16.8,0,0
326.7,74.2,7.6,0,143,9.6,0,0
224.1,47.6,0,34.5,146,4.8,60.66666667,0
559.7,80.8,90.4,78.5,91.8,2.4,30,2.4
417.7,131.6,0,9.5,78.8,24.2,164.6666667,0
389.1,85.6,0,0,212.2,24.2,0,70
275.9,59.4,0,0,256,0,0,119.2
404,15.4,0,59.5,170.6,31.4,0,81.6
624.1,51.2,0,0,191.4,21.6,12.66666667,12
341.7,20.4,0,18.75,300,38.6,0,14.4
367.9,10.4,2.6,446.75,404.6,53,96.33333333,0
326.6,48.6,0,252.25,195.8,36.2,0,0
109.4,114.8,10,259.25,349.8,4.8,172.3333333,0
180.1,319,0,0,330.8,31.4,0,2.4
129.5,205.4,129.6,0,486.8,55.6,0,0
113.7,64,0,3.25,722.2,2.4,0,0
135.3,57.8,17.6,55.75,780.8,4.8,0,63.2
55.5,77.8,0,71,694.6,29,186,89.8
102,115.8,0,18.75,716.8,0,0,109.2
100.5,121.8,12.6,0,839.6,48.4,47,9.6
88.4,165.8,12.6,37.75,869.4,24.2,0,0
299.5,187.4,0,0,678.6,62.6,0,0
215,57.8,5,0,323.8,4.8,0,0
210,28.2,5,0,292.6,14.4,12.66666667,0
126.4,223.4,30.2,0,159.2,16.8,0,0
40.5,83.50162885,5,0,358.4,16.8,8.666666667,7.2
154.2,92.2,0,0,346,21.8,55.33333333,0
216.2,85,0,0,406,4.8,0,0
433.6,222.8,0,0,89.8,2.4,0,0
419.1,128,0,0,173.2,2.4,60.66666667,0
146.8,36.4,0,0,146.9315065,4.8,0,0
172.5,70.6,0,0,129.4,19.2,0,0
112.6,0,0,95.25,168.2,9.6,0,0
264.5,2.6,0,117.25,141,21.6,65.66666667,76.8
116.2,95.8,0,6.25,188,21.8,307.3333333,0
85.9,57.8,2.6,0,176.4,63.2,0,0
134.2,39.4,0,0,261.8,24.2,129.6666667,0
165.8,50,0,0,466.2,17,0,0
61.7,148.4,0,0,250.4,19.4,0,0
177.1,99.4,0,0,130.6,19.2,129.6666667,0
54.6,157.4,0,0,256.4,48.4,0,0
35.3,260,0,0,246.4,19.2,0,0
21,91.2,0,0,325,7.2,65.66666667,0
49.5,119.8,0,0,312.8,9.6,333.6666667,9.6
287.1,39.4,0,0,1032.4,26.6,0,73.4
38.1,25.6,0,186.25,463.2,36.2,0,34.2
25.5,77.8,5,0,229.4,14.4,0,73.4
72.2,94.8,0,123,73.2,53,0,9.6
23,57.8,0,0,53.8,24,0,14.4
16,85,12.6,117.25,55.8,24.2,0,12
0,85,0,3.25,147.6,2.4,47,19.4
19.5,95.8,0,15.75,124.8,7.2,0,17
127.2,30.8,10,37.75,248,43.6,76,7.2
324,77.8,0,25,479,19.4,0,9.6
49,33.2,5,0,491,7.2,4.333333333,0
96.5,107.6,15,0,597.4,12,55.33333333,0
127,45.6,65.8,0,504.4,12,21.33333333,70
25.1,0,40.2,0,704.8,16.8,0,79.2
122,2.6,10,0,860.6,4.8,0,29
151.4,0,10,0,694.6,0,0,0
405.7,0,0,28.25,648,31.4,0,0
257.2,0,0,0,585.2,19.2,0,0
133.2,0,5,0,375.6,0,8.666666667,54.6
76.8,0,7.6,0,315.2,2.4,65.66666667,142
18.5,0,105.4,0,99,0,0,14.4
40.6,0,0,550.25,37.6,26.6,0,37.2
20.8,0,5,400.25,146.4,24.2,0,92.2
88,0,7.6,418.5,312.8,19.2,4.333333333,0
0,0,0,22,186.2,4.8,0,14.4
1.5,2.6,0,0,411.6,14.4,0,29
27.5,77.8,0,0,451.2,31.4,0,0
16.1,54.8,0,0,596.4,2.4,0,2.4
0,82,0,0,283.6,7.2,0,0
0,166.4,5,0,298.6,0,38.33333333,2.4
25.1,239.6,0,48.25,626.8,24.2,81,7.2
0,245.8,0,0,796.2,21.8,129.6666667,45.8
31.7,65,125.4,0,611.2,0,325,29
17.5,105.1016288,0,0,211.8,9.6,452.3333333,26.4
154.6,271.4,5,0,99.4,7.2,42.66666667,2.4
37.6,243.8,2.6,0,35.2,9.6,0,0
15.6,183.8,0,44,168.2,4.8,4.333333333,0
13,73.8,0,91,256.8,4.8,55.66666667,76.8
36.6,59.4,0,151.75,466.4,33.8,441.3333333,40
0,114.6,0,0,469.8,14.4,0,0
0,155.2,0,0,801.6,26.6,0,0
0,161.8,32.6,0,337.4,31.4,0,2.4
0,144.8,47.6,91,405,53.6,0,2.4
0,54.8,83.4,0,731.8,14.4,0,0
50.1,39.4,54.6,0,444.6,0,94,0
178.2,0,15,0,132.4,9.6,0,0
58.9,7.6,30.65696313,0,32.6,2.4,34,0
29.1,39.4,133.4,28.25,5.2,2.4,243.3333333,2.4
8,70.6,112.4,0,65.4,0,0,2.4
0,18,15.2,0,495.4,53.4,0,0
17.6,70.6,143,6.25,930,21.8,0,107.6
11,25.6,212.8,178.75,1191.2,17,70,0
87.1,12.8,12.6,151.75,797,14.4,60.66666667,21.8
61.5,25.6,22.6,66.37754986,833.8,7.2,206.6666667,2.4
57.7,36.4,7.6,466.75,883.6,17,72.33333333,0
74,30.8,10,365.25,966.4,21.8,0,2.4
1,28.2,0,245.25,714.4,33.8,8.666666667,0
33.3,35.8,35.2,264.75,581.8,21.8,8.666666667,12
83.8,128,58.2,67.25,580.6,19.4,0,4.8
23,48.6,15,99.75,293.2,40,113.896599,0
23.6,84.4,46.6,44.5,787.2,2.4,266.3333333,0
71.8,60.4,0,117.25,477,21.8,243,2.4
343,60,12.6,239,459.6,33.8,300.3333333,0
646.7,157.8,37.6,126.75,563.6,41,338,4.8
365.7,125,5,213.25,534,9.6,433.896599,63.2
276.5,133.2,62.8,12.5,409.6,14.4,105,0
224.4,33.2,83.6,105.5,462,24,371.3333333,9.6
274.3,64,56.8,37.75,757.4,16.8,463.3333333,4.8
213.6,70.6,90.4,178.75,990.2,9.6,305.6666667,0
214,18,143,195.75,846.8,4.8,1163.333333,2.4
73.6,23,109.4,239,381.2,67,717.6666667,0
10,67,121.4,267.25,666,9.6,559,0
37.6,179.8,20,749.75,769.6,9.6,454,2.4
256.6,81.4,83.4,134.25,377,55.6,246.6666667,31.4
265.7,69.6,65.6,129.6275499,820,4.8,430.3333333,48.6
102.9,96.8,25,310,747.8,7.2,1049.666667,140
212.7,158.8,35.6,346.5,443.2,31.4,723.6666667,14.4
482.5,151,38.6,176.75,541.2,4.8,516.3333333,121.2
240.5,236,5,248.5,928.8,12,567.6666667,142.4
353.9,190.5016288,2.6,482.5,707,4.8,570,93.4
348.3,158.2,56.6,329.25,382.6,50.6,627.3333333,0
452.3,155.6,133,343.25,508.8,53.2,700,0
470.5,136.6,130.6,268.25,338.2,103.8,1005.333333,7.2
209.6,100.8,304.2,37.75,788.6,29,1822.666667,0
166.1,122.8,152,48.25,666,33.8,1009.666667,9.6
194.0738061,83,125.4,47,639.6,41,1404,54.4
96.2,67.6,154,6.25,1724.2,66.2,801.3333333,86
111.9,79.4,337.2,50.25,548.2,2.4,483.2299323,48.8
169.6,65,30.2,104,968.8,4.8,682.6666667,19.2
63.7,10.2,41.6,50.25,740.4,9.6,246.6666667,21.8
59.7,38.4,7.6,121.75,395.2,14.4,301.3333333,7.2
15.5,148,10,252.75,834.2,4.8,221,51.6
78.9,33.2,0,3.25,308.8,36,330.3333333,0
91.9,51.2,94.4,28.25,708.2,14.4,337,4.8
212.7,63.6,134,6.25,184.4,2.4,414.6666667,0
144.9,49.6,69.2,0,224,26.6,104.6666667,40
293.4,75,17.6,0,1239.8,7.2,89.33333333,101.4
105.8,60.4,17.6,0,465,21.8,624,24.2
78.4,97.8,12.6,25,251,34.2,292,29
100.8,78,0,6.25,169.6,9.6,89.66666667,0
136.9,60,2.6,0,448.4,19.4,253.3333333,9.6
70.8,23,2.6,3.25,588.8,38.6,536,29
84.2,30.8,0,0,966.2,16.8,1066.666667,9.6
180.1,23,2.6,348.25,438.8,4.8,1013,0
304.3,10.2,20.2,9.5,460.2,19.2,987.3333333,2.4
136.3,54.8,20.2,111.75,588,4.8,762.6666667,0
169.6,134.2,2.6,9.5,967.8,31.4,235.6666667,7.2
193.3,349.2,145,3.25,523.6,21.8,141.6666667,31.4
117.4,152.6,90.8,9.5,660.4,31.4,167.3333333,0
188.5,144,62.8,112.25,273,21.8,65.66666667,9.6
224.6,207.8,122.4,0,821.6,19.2,214.3333333,21.8
297.1,305.2,12.6,25,490.4,19.2,419,4.8
439.9,48.6,201.2,37.75,536,38.6,186,2.4
436.7,61,211.2,357,296.2,131.4,143.3333333,4.8
605.3,73.8,0,466.75,711.2,4.8,192.6666667,0
438.7,88.6,0,408.8775499,745,24,222.6666667,4.8
310.9,56.4,7.6,317.25,1006.8,22.21162871,472,0
225.8,109.6,0,141.75,836.8,7.2,539.3333333,0
262,121.4,12.6,420.25,630.4,88.8,349.6666667,0
158.1,30.6,15.2,594,184.8,21.6,244.3333333,4.8
321.5,33.2,20,709,430.6,16.8,379.6666667,2.4
225.5,2.6,37.8,354.5,502.4,61.6,301.3333333,19.4
548.7,23,17.6,844.5,945.2,14.4,251,98.6
432.6,0,17.6,579.75,760.4,9.6,583.3333333,2.4
285.7,118.8,0,226,1653,0,497.6666667,4.8
322,67.6,17.6,250.25,255.4,50.8,292,116.8
379.9,100,169.8,254,166.6,29,157,9.6
187,181.8,508.4,294.25,170.6,56.01162871,361,97.6
245.5,303.8,202.6,404.5,154,71,327,46
188.7,332.2,181.2,845,294.6,31.4,198,31.4
362,249,101.4,712,270,12,172.3333333,14.4
593,160.3016288,7.6,458.5,542.4,26.4,674.3333333,14.4
370.6,234.2,0,741,867.4,40,398.896599,33.8
391.4,129.6,27.6,797.25,249.6,75.4,581.6666667,44.4
398.3,131.6,27.6,836.25,292,41.2,245.6666667,58.4
380.4,148.4,0,635.5,439.4,137.6,158,21.8
393,218.8,0,1300.5,854.4,95.2,140,31.4
174.9,161.2,20,875.25,1196.6,78.2,257.6666667,65.2
275.6,155.8,15.2,823.25,575.4,121.6,804.6666667,142
105.1,129.4,2.6,402,232.4,93.2,232.6666667,252.6
167.4,125,7.6,779,627.8,41,221,203.2
117.4,190.2,12.6,635.5,934.6,93,289.3333333,54
121.5,149,30.2,768.5,897.2,51.6,389,41.4
84.6,283.8,7.6,383.25,719.8,108.8,290,87
281.4,190.4,0,268.5,518,147.2,435.3333333,90.4
424.1,192.6,2.6,347,481,121.2,687.6666667,138.2
407.1,130,0,329.5,710.4,164.8,738,66
366.2,196,0,184.5,770,57,612,63.8
243.8,292.8,25,229,403.6,171.6,484.6666667,73.4
435.8,344.4,7.6,394,362.8,134.8,992,121.6
390.5,176.2,65.8,365.75,345.2,107.2,693.6666667,59.4
151.7,267.4,130,283.5,192.6,162.8,489.3333333,21.8
333.6,240,105.4,236,527,137.2,541,145.8
149.9,216.2,0,364.5,672.2,90.4,214.3333333,78.8
335.4,216,73.4,682,778,50.2,366,124.2
211.8,167.4,50.2,723.25,357.6,87,156,82
194.6,81.8,2.6,352.75,345.4,92.2,690.6666667,116.4
125.1,152.4,27.6,249.75,418.2,77.8,683.6666667,29
131.9,191.8,5,566.25,619.8,99.4,616,93.2
307.1,180.6,12.6,670.5,970.6,212.4,672.3333333,9.6
296.5,204,7.6,351.75,1445.2,403.6,765,153.6
439,330.2,0,365.75,821.6,481.2,525.6666667,112.2
493,286.8,7.6,440.5,583.8,197.4,923.3333333,99
223.5,125.5016288,30.2,303.75,376,438.6,800.3333333,87
165.7,276.6,22.6,1129.25,724.8,201,446.3333333,358
240.1,234.8,15,759.75,702.4,318.8,480.6666667,89.2
266.9,182.2,25.2,782.5,839.9315065,452.6,363.6666667,89.4
418.1,131,7.6,677,602.4,351.2,368.6666667,155.4
446.2,268,47.6,573.5,354,66.6,526.6666667,118.6
486.9,92,86.8,582.75,839.8,89.8,572,99.4
608.3,170.4,2.6,480.5,812.6,155,522.3333333,85.4
717.7,160.6,0,1019.5,665.2,181.6,716,68
699.7,121,35.6,915.5,359.6,459.2,316.6666667,148.2
603.1,148.4,18.25696313,944.75,521.4,462.8,623,312.4
564.5,95.6,71.4,350.5,680.2,447.8,418,280.2
484.7,95.4,32.6,452.25,783.2,377.2,502.6666667,173.2
259.8,53.2,58.2,305,252.2,106.8,993.6666667,139.6
444.4,46.6,10,498.5,246.4,118.8,1042,129.4
420.3,51.8,198.8,520.75,611.6,186,645.6666667,178.8
150.3,146.6,113.4,942.25,758.2,433.8,683.6666667,98
153.7,307.8,51.2,762.5,800.2,264.6,515.6666667,154.6
355.8,176.8,65.8,738,618.8,82.6,406.3333333,155.6
329.3,184.4,114.6,621.25,632.6,327.6,462.3333333,249.2
193.8,237.2,59.2,227,453.6,189.4,443,155
514.6,315,17.6,459.75,289,14.4,536.6666667,270.8
751.7,275.4,69.2,465.5,221.4,224.6,439,156.4
657.1,318.4,276,328,245.4,100,652,298.4
649.9,182.8,136,345.5,576.2,16.8,589.6666667,331.4
529.1,36,160,207.75,567.6,9.6,514.6666667,307.2
314.8,59.8,163.6,96.5,382.8,53.4,668.3333333,158.8
237.4,57,140.4,212.5,889,29,595.6666667,464
304.5,56.4,201.2,478.25,903,46.2,273.3333333,408.2
175.2,51.2,479.4,204.5,1094.6,38.6,257,140
316.5,102,289.2,491.25,1008,84.4,99,225
152.9,92.2,173.2,266,382,62.2,555.3333333,131.4
167.6,41,176,757.25,311.8,21.6,220.3333333,195.2
247.4,66.6,157,314.25,1397.8,36.4,414,294
383.5,46.2,37.8,313.25,1175,89.8,190,551.4
353.1,146.4,171.8,673.75,462.8,12,438.6666667,396.4
258.5,229,222.4569631,995.25,270.8,31.4,630.3333333,228.4
268.6,80.8,22.8,978.75,421.6,50.8,525.3333333,399.8
158.1,41,150.6,485.5,376.4,36.2,738,256
178,7.8,214.8,596.75,396.4,0,407,384.6
145.8,39,193.8,371.5,1297.6,48.2,566.6666667,150
391.5,28.2,302.2,349.5,789.2,33.8,574.3333333,181.8
422,10.2,277.6,446,615.4,59.8,411.3333333,166.4
263.6,66.2,254.2,510,814.4,24.2,574.3333333,309.4
265.9,178.4,176,193.75,568.2,31.2,493.3333333,311
372.6,39,183.8,299.25,527,65.6,408,186.8
469.6,30.6,106.4,411,1092.2,12,366.6666667,262.2
279.7,35.8,222.4569631,482.5,551,58.2,383.3333333,357.6
265.3,35.8,138.6,419.5,743.2,24,130,306.8
320.4,5.2,301.6,419,1024.8,24.2,724.3333333,289.8
437.5,78.8,47.2,286.75,474.4,59,562.6666667,307.8
834.6,108.6,181.2,431,624,33.8,740,236.8
571.8,57.4,121.4,378.5,548.6,43.4,533.3333333,192.2
456.1,20.4,245,290.5,799.2,21.8,272.3333333,267
445.5,36,42.8,562.75,652.8,31.4,638.3333333,229.8
459.7,107.6,116.8,784.25,467.2,50.8,513.6666667,120.2
345.7,256.6,119.4,751,536.2,91.8,703.3333333,153
339.8,53.8,196.2,875,466.7315065,74.8,605.6666667,132.2
261.5,65.4,44.6,940.5,1369,67,633,168.6
298.9,67,98.4,1393,1222.2,38.6,715.3333333,177
345.4,81.4,15,865.75,643,61.2,638.6666667,300.8
649.2,171,56.8,541.25,723.8,36.2,679.6666667,198.8
456.8,197.8,86.8,893.75,863.8,44.8,797,336
371.4,94.2,25,574.25,510.6,16.8,467.6666667,271.4
618.7,36,135.4,600.25,757,29,286,341
674.7,84.4,154.6,1019,540.6,43.8,335.6666667,254.4
417.1,142,218.4,745.5,416,77.2,368.6666667,88.2
304.3,60.4,72.8,791,661.6,46.2,346.6666667,48.2
396.8,86.6,51.2,702.75,795.4,153.8,281.6666667,82
454.9,245,139,823.75,1059,108.6,399.3333333,256
502.1,235.6,0,925.5,1733.4,110.6,356.6666667,75.2
310.6,93,0,819.25,1723.6,70.61162871,686,86.8
725.8,142.4,30.65696313,787.5,863.8,46.2,478,231.4
443.2,102,99.4,711,1345.8,28.8,449.6666667,247.6
246.4,147.4,61.4,969.5,1238.2,83.6,1220.333333,186.8
260.7,156,230.8,811.25,664.2,99,220,166.8
282.6,288,111.8,838,969.2,82.6,397.6666667,134.6
96.2,159.4,199.8,687.25,417.6,185.6,408,176.2
190.6,419.4,51.6,438.5,397.8,233.4,131.6666667,165.2
230.7,103,30,707.75,296.2,163.2,489,142.4
298.2,176.6,88.4,463.75,266.4,139,317.6666667,209.4
167.3,117.8,17.6,871.5,443.8,65,343,196.8
372.5,126,55.6,846.25,771.2,80.6,306,277.2
443.1,165.4,67.6,429,474.4,103.8,686.3333333,133
802.5,155.2,50.2,658,764.2,49.6,739,218.4
249,198.8,226,453.5,805,79.2,215,168
208.6,185,126,34.5,815.4,96.6,529.3333333,133.2
146,153.6,77.8,44,1190,46.2,376.3333333,396
258.2,224,87.2,67.25,531.2,92.6,485,227.4
159.8,130,50.6,102.25,992.2,38.6,425.6666667,174.8
218.2,229,20.2,123.25,536.6,205.8,198,218
335.3,294,0,66.5,747.8,128.4,646,156.4
340,257.4,41.6,176.25,1005.8,240.8,346.6666667,105
666,305.8,22.8,775.25,928.6,234.6,123.6666667,175.4
644.7,160.2,152.6,668,954.6,251.4,171.6666667,220.2
557.7,120,294.8,271.75,445.2,315.8,217.6666667,199
587.5,125.8,25.2,318.75,345.4,356.6,205,79.2
728.7,118.8,20.2,268.5,417.6,353.6,106.6666667,136.6
580.6,133.4,7.6,122.75,644.8,525.2,115,158
309.2,207.8,63.2,126.75,756,523.6116287,367,188.8
312.9,70.2,325.2,77.75,770.4,468.4,173,133.8
300.7,87.8,119,65.25,332,636,239,71.8
364.2,141,123,477,404.6,756.4,625.6666667,131.4
416.5,122.8,134,359,762.8,670,761.3333333,88.2
539.1,186,350,291.25,772.4,526.8,816.6666667,144.4
587.2,342.6,289,635.5,526.2,485,68.33333333,105.2
778.1,179.8,126.4,412.25,836.4,473.4,106.3333333,33.6
826.8,174,186.4,152.25,470.2,388.6,252,24
865.1,105,310.8,868.25,1281.6,588.8,255.3333333,21.6
1189.6,249.4,482.8,772.5,887.8,919.2,683.6666667,16.8
913.9,196,323.8,562.25,795,502.8,982.3333333,79.6
739.8,126.6,190.2,650,486.4,222.6,939.3333333,38.8
91.7,180.8,269,701.25,1209.2,422.2,552.3333333,72
290,213.4,218.4,614.75,1030.8,477.2,901.6666667,160.4
307.3,187,180.2,673.25,688.2,602.2,412.3333333,114
438.4,102,173.8,763.5,427.2,343.6,834,55
342.8,82,332.4,493.25,567.8,757.6,425,56
224.6,71.4,383.4,583,428,1152.4,420,41
245,95.2,561.2,542.25,532,843.4,718.6666667,106.2
633.6,61.4,339,382.75,829.8,757,1007.666667,133.8
288.9,38.4,125.4,255.5,930.2,654.4,1094.333333,168.2
551.1,56.2,246.4,324.25,745.2,274,1009.666667,148.6
746.4,63.8,191.4,298.75,706.4,296.6,761.3333333,108.2
392.4,41,373,285.75,893.4,843,782.3333333,88.4
436.2,133.2,347.4,321.5,1493.4,441.2,963.6666667,261.4
309.4,118.8,175.6,292.5,1073.4,416.2,1499.333333,184.4
405.6,104,130.4,382,2090.2,589.2,1032.666667,141.8
389.3,38.4,186,196.5,696.2,370.4,626.6666667,193.2
365.1,30.8,380.4,194.25,634.2,339.8,449.6666667,294
334.4,0,348.8,358,632.8,820.4,217,166.2
332.7,46,59.2,453.5,374.4,585.8,1011.333333,210.6
226.6,53.6,152,268,558.6,438.6,557,174.2
145.2,82.6,5,656.25,747.2,374.8,457.3333333,368.6
184.8,133.6,10,1392,1076.6,304.4,457.3333333,137.6
347,121.8,0,906.75,313.2,139.2,250.6666667,72.6
321.5,81.8,7.6,692.5,965.6,128.8,604.3333333,0
575.5,121.8,7.6,876,636,163.2,633,36.2
735.7,125.4,242.8,1161.25,701.2,151,566,77.2
803.1,193,436.2,1611.5,814.8,108.8,282.6666667,105.4
938.2,73.8,234.4,1279.5,538.6,48.4,522.3333333,87.4
798.5,111.6,77.8,784.25,603.2,120.6,462,46.2
1202.6,153.2,2.6,663,897.6,91.8,430.3333333,64.2
553.3,116.4,12.6,713.25,845.4,171.6,289.3333333,119.4
308,72.2,5,1353.75,1034,373,153.6666667,36.2
258.5,64.4,44.6,507,550.8,474.4,157,53
275.6,43.6,32.6,775,529,339,184.3333333,91.8
197.7,140.8,12.6,437.75,783,288,134.6666667,134.6
384.1,160.2,20,387.75,888.8,301.4,17,195.6
433.1,149.6,38.6,423,917.8,232.8,221,115.8
188.6,191,5,656.25,899,163.2,17,67.2
505.1,220.2,41.6,627.5,781.4,251.6,421,67.6
793.7,230.4,25,1043.5,567,50.6,316.6666667,9.6
379.2,51.2,65.8,466.75,600.8,308.6,585.3333333,149.6
355.3,57.8,50.6,1181.25,572.6,365.8,875.6666667,16.8
457.2,112,20,566.5,896.4,426.8,124.6666667,14.4
368.2,192.6,30.2,767.25,480.8,71.8,1068.666667,41
573,109,59.8,933,910,41,314,65.2
341.1,92.4,41.6,692.5,553.6,52,766.3333333,38.6
344.4,35.8,25.2,361.5,1031.6,69.4,861,149.2
268.6,165,398,721.25,911.2,63.2,514.6666667,102.8
122.8,284.2,125.4,479.5,616.4,87.4,857.6666667,130.4
298.9,188,125,739,706.8,58,188,29
601.6,135.6,126.4,787.5,1189.4,119,117,0
406.0738061,178.2,40.6,590.5,850.4,48.4,42.66666667,57.8
395,131.2,144.6,952,846,53.2,614.3333333,41.4
740.7,38.6,27.6,980,1343.2,66.2,1036.333333,62.6
847.5,118.4,20,1129.75,1169,55.4,1090,72.4
837.3,182.8,17.6,927.25,894.4,106.8,643.6666667,19.4
1269.6,126,12.6,1238.5,778,136.4,565,48.4
1051.2,219.2,2.6,1418.5,920.4,83,501.6666667,92.2
589,322.2,10,1170.75,1353.2,107.2,879.6666667,42
375.4,213,133,712.25,867.4,33.6,575.3333333,60.8
923.7,180.8,178.8,1086.75,991.8,82,356.6666667,7.2
784,110,111.4,960,844.6,58.2,494.3333333,41
599.9,259.6,55.4,664.25,970.8,74.8,823.6666667,33.6
333.3,278,253.2,936.75,1093.2,74.8,368.6666667,65.2
365.5,226.8,7.6,543.25,969.6,53.2,321.6666667,31.4
501.5,227.2,5,317,1162.6,36,775.6666667,24.2
772.6,214,0,448,1001.4,52,502.6666667,33.6
1098.9,302,134,671.5,581.4,53,399.3333333,110.4
759.4,292.2,97.4,811.75,305.8,106.2,162,62.8
815.1,231.4,0,583,510,43.4,445.3333333,110.6
651.4,158.2,72.8,857.75,441.8,36.2,198,7.2
509.7,187.4,265,1162,563,43.4,55.33333333,69.4
1110,243.2,422.6,916.75,566.2,48.4,175,67.6
621.3,193,142,587.75,477.6,212.2,286,55.4
638.1,80.4,301.2,633.75,630.4,281.2,207.3333333,132.2
653,337.4,159.8,554.5,431.2,304.6,531,198.4
713,107.2,181.2,924.25,239,313,265.3333333,146.8
891.4,301.2,196.2,921.5,311.4,250.4,315,181.4
976.8,318.4,235,1081.25,512.6,279,109,107.6
778.5476123,384.6,241.4,1313.25,291.8,211.6,396,36.2
881.2,249.4,254,1333.25,187.6,92.2,127.6666667,155.8
699.1,248.4,212.4,1099.75,470.2,54,702.3333333,259.8
829.9,109.6,50,995.5,485,71.4,778.3333333,138.6
680.1,181.8,166.2,591.75,779,360,695.6666667,21.6
647.4,144.4,84.8,605,763,272.2,798,71.2
723.4,127.6,129.6,1109.75,1340.2,198.2,552.3333333,31.2
512.1,127.6,186.2,711.5,755.6,155.6,926.6666667,65.4
903.4,146.2,188.8,545.5,718.6,55.6,565.6666667,65
726.7,302,156.6,594,490.6,94.2,849.3333333,14.4
475.9,275.4,161.2,801.75,460.4,26.6,932.6666667,26.6
606.3,97.2,125.4,643.25,437.8,70.6,805.6666667,19.2
670.3,134.2,117.4,822.25,615.4,156.8,657,56
400.5,67.6,105.4,1036.5,335.2,138,546.6666667,43.6
676.7,30.8,12.6,653.75,92.8,55.4,514.3333333,24
513.9,66.6,10,374,108.6,56,330.3333333,43.8
607.1,98.4,0,700.25,229.8,55.6,469.3333333,107.6
631.9,87.6,2.6,818,424.6,43.6,287.6666667,144
537.5,134.2,0,891.5,340.4,65.2,378,52
641.8,116.4,0,716,354,229,717.6666667,54
931.6,67.6,0,974.5,151.6,187.8,496,12
654.6,49.6,20,611.25,103.4,98,307.3333333,26.4
472.2,161,0,502,182.6,120.6,548.6666667,26.6
484.2,113.2,0,436,120.4,161.4,521.3333333,86.4
393.7,48.6,0,561.5,140.4,341.6,413,120.8
443.2,53.6,0,583.5,398.8,273.4,521,108.8
608.7,187.4,0,357.75,437.8,256.4,552,167.6
921.5,66.6,0,505,988.2,177.4,578.6666667,112.6
611.6,112.4,56.8,287.25,589.6,156,571.6666667,29
357.1,87,76.4,305.75,761,131.4,616.3333333,38.6
551.2,99,52.2,629.25,935.8,91.8,601,78.6
461.8,40.8,181.4,638,944.6,93.6,806.3333333,33.8
1154.6,212,298.2,654,829.8,60.2,630.6666667,31.4
618.9,197.2,30,1394.75,801,134.2,333,36
608.7,90.2,20,1084.75,975,116.4,946.3333333,62.2
602.2,156.6,20,1185.75,717.2,62.6,847.3333333,38.6
497.4,144,0,1012.5,845.6,28.8,1004.666667,73.8
492.7,175.6,0,845.75,916.4,164.2,349.6666667,109
440.4,108,0,574.5,1437.2,68,493.3333333,130
389.5,7.8,2.6,402.75,740.2,7.2,573.3333333,140
526.8,114.6,46.2,470,1386,48.6,337,14.4
265.9,167,5,317,1015.8,33.6,474.6666667,71.4
267.6,298,5.2,298.5,594.2,62.8,631,64.8
574.7,184.4,5.2,319,549.6,90.2,296,58
852.1,152.4,45.2,508.25,889.8,107.2,235.3333333,33.6
839.9,79.4,342.4,135,613.4,107.2,235.6666667,62.8
303.4,159.8,158,299.25,911.4,174.8,262,155.4
417.9,91.6,96.8,268,846,100.4,341.3333333,154
515.6,41.6,166.2,357.5,653,95,194.6666667,116.4
379.2,238.2,229.4,297.5,1322.6,203.8,419,181.4
349.1,113.8,389.6,238.75,916.4,147.2,585.3333333,146.8
571.1,78,349.8,276.25,727.4,122,224.3333333,79.6
360.5,33.2,87.4,226.75,226,180.2,246,166
388.2,12.8,41.6,525.75,862.4,143.2,267,85.4
500.9,93.6,59.8,453,1197.6,262.4,314,73
482.2,92.8,423.6,649,845.8,297.6,684.3333333,87
376,164,213.8,941.25,849.2,348,458.3333333,118.2
235.9,171.6,472.8,1191,1214.8,111.2,256.3333333,107.6
408.3,137.8,196.2,1012.5,845.6,24.2,415.6666667,78.4
236.9,74.8,262.2,626,549.4,29,464,88.2
224.5,103.4,268.6,308.75,477.2,70.4,508.6666667,99.4
608,128.2,178.8,397.5,714.6,33.8,140,139.2
718.4,115.2,342.4,671.75,877.2,21.8,258.6666667,90.2
722,105.4,168.8,501.5,680.6,19.2,1308.333333,342
627.7,109.6,171.2,626.75,922.2,7.2,1712.666667,289.8
454,285,198.8,485.75,1002,43.4,1028.333333,115.8
400.8,227.8,188.8,268,1302,43.4,1343.333333,77.6
387.2,155.2,101.4,258.25,1129.4,31.4,1485,55.6
666.6,93.6,53.2,549,1495.8,24.2,1478,103.2
535.8,131.8,2.6,352,614.8,4.8,747,98.4
409.8,186.4,10.2,624.5,1162.4,123.6,880,140.6
531.2,298.4,0,950.75,554.2,111,785.6666667,197.6
601.6,226.2,25,513.25,822.2,9.6,703,152.2
701.4,122.8,0,605.25,1018.2,41.2,572.6666667,77.2
566.9,45.8,25,610,1390,24.2,707.6666667,82.2
618.8,102.8,0,696.5,702,9.6,1310,231.2
539.8,72.4,0,414,912.8,21.6,1392,133.8
752.3,48.6,0,584,590.8,14.4,1003.333333,70.2
1001.1,127,76.2,950.75,864.8,21.6,538,70
722.8,87.6,105.4,609.5,737.8,46,864,82.2
387.5,142,25,715.25,600.6,36.2,698.3333333,152.6
280.7,116.6,121.4,1052.25,781,21.8,1006.666667,145.4
296.9,125,183.8,819.5,678.4,80.2,835.3333333,73.8
288.4,148,121.4,594.25,787.2,88.8,518.6666667,267
376.6,46.2,22.6,531,913.2,45.8,780.6666667,98.6
778.8,69.6,22.6,230.25,537.6,54,643.3333333,66.6
618.2,89,30,457.5,1131.4,58.8,385.6666667,50.8
856.7,105,2.6,532.75,1070.6,73.8,333.6666667,137.6
861.5,98.2,0,738.75,579.2,50.8,198.6666667,66.2
651.8,71.4,0,259.75,952.2,61.2,408,179
712.5,92.6,0,260.75,548,84,409,135
1075.3,53.2,0,225.5,592.4,58.4,404.3333333,84.8
365.5,2.6,0,247.75,1280.4,152,307.3333333,87.4
481.8,64.2,0,482.5,1040,149.6,333.6666667,88.8
591.5,64.6,0,767,1316,33.8,212.3333333,135.2
383,156,0,346.25,793.6,109.2,185,97
591.7,132.6,0,335,838.2,43.4,280.6666667,87
424.1,202.2,0,318,896.6,46,560.6666667,159.2
367,222.8,0,208.5,492.4,36.2,660.6666667,150.2
274.5,103,7.6,319.5,831.8,53.4,1462.666667,343.4
282,91.2,0,113,680.6,88.4,921.6666667,108.2
656.5,262.8,0,259.25,684.4,83,1038.666667,144.4
435.2,246.8,2.6,345,1070.2,120.2,1256.333333,286.8
320.4,196.6,0,502.5,930.2,77.2,1030.666667,129.4
412.8,199.6,2.6,656.25,1079,73.8,413.3333333,117.6
585.2,134.2,5.2,335,808.4,74.8,91.33333333,123
1226.6,112.6,17.6,922.25,1012.4,182.2,768,166.2
1196.6,83.4,97.4,612.5,888,160.6,1426,113.6
662,89,17.6,986.5,1261.4,257.2,1208,82.6
500.7,73,20.2,1238.5,876,117.8,687.6666667,132.8
382.9,85,166.2,988.75,912.6,144.4,745.3333333,112.4
452.8,41.6,53.8,848.75,643.4,220.2,793.6666667,41.4
211.9,50.8,0,660.75,937.6,201.8,719.3333333,76.2
395.7,38.6,135,720.75,906.6,189.2,996,101.2
560.3,43.6,25,799.25,985.8,157.4,355.3333333,99.2
633.6,111,35.2,265.25,614.6,148.2,727.3333333,102.4
719.8,41,85.4,654,1164,124.2,750,245.4
663.4,88.2,58.2,385.25,921.2,101.8,855.6666667,192
907.8,91.8,55.6,525.75,1035.6,124.8,868.6666667,182.6
659.2,63,98,672,1102.4,133.8,1070,196.6
614.3,56.4,12.6,844.5,1129.4,140.2,1281,88
512,177.2,0,514,768,86.4,932,206.2
620.2,104.8,12.6,1285.25,651.4,113.4,491.6666667,125.6
725.5,90.6,20.2,1083.5,1197.2,118.6,417.3333333,150.2
847.6,214.6,0,1065.5,854,92.2,175,207.8
849.7,130.6,40.2,996.5,635,211.6,125.3333333,375
658.1,108,176.2,825.5,777.6,41.41162871,461.3333333,428.6
769.4,38.4,146.6,620.5,703.2,199.8,693,231.8
512.4,131.2,20,710.75,1346,142.8,218.3333333,138
554,118.4,32.8,928.5,757.8,61.8,542,97
434.5,13,86.8,926.75,1248.8,116.8,291,125.6
376.9,123.8,61.2,493.75,787,177.4,370.3333333,96.6
825.1,119,45,1156.25,434,144.6,512,354
749.3,116.2,64.6,862.5,748.8,96.6,324.3333333,73
295.4,106.6,136,479.25,931.2,74.8,408,195.6
335.2,151.2,156.2,613.75,952.6,24.2,741.6666667,72.4
268.7,99,58.8,803.75,814.6,29,484,153.2
299.3,25.6,20,939,665,36,766.3333333,201
448.8,61.4,17.6,570.5,1144.4,14.4,300.6666667,68.4
354,76.8,0,661.25,857.8,65.2,489,69.6
437.4,141.2,17.6,483.25,693.7315065,33.8,206.6666667,91.8
487,154.2,0,838.25,775.8,26.6,433.6666667,141
656.5,48.8,10,554,607.4,2.4,420.6666667,96.6
372.4,76.8,25,733.5,685.8,9.6,538.6666667,114.6
500.3,56.4,5,1165.75,1018.4,55.4,598.3333333,130.8
777.6,47.6,37.6,770.25,1138.2,70,376.3333333,149.2
583.9,81.8,35.6,600.5,545,125.6,232.3333333,83
546.9,71.6,0,586,790,93.6,188,94.2
306.2,161.2,25,841,971.8,76.6,175.6666667,50.6
654.3,33.4,60.2,882,919.8,58,132,76.2
673.5,51.2,10,844.5,609.4,16.8,408,80.2
588.5,38.6,27.6,561.8775499,776,7.2,624.6666667,60.4
338.7,43.4,0,919.75,931.4,38.6,450,122
448.8,28.2,43.2,1374.75,766.6,12,347.3333333,29
588,7.8,232.2,1072.75,1049.6,7.2,378.3333333,100.4
576.7,80.8,238.8,665.75,1098,14.4,251.6666667,248.8
681.9,54,407.2,425.75,681.6,42,915.6666667,125.8
500.1,56.4,623.2,267.25,689.6,46.2,595.6666667,99.2
234.5,91.2,186.2,351.25,687.2,26.6,535.6666667,139.2
442.6,85,185.2,224.5,600.4,33.6,223.6666667,82
491.6,119.8,50.2,248.5,616,62.6,266,117.8
895.1,73.2,89.8,336.25,735.8,26.4,499,135.6
594.9,86.4,176.2,130,658.8,39,779.3333333,256.6
812.8,25.6,85.4,307,824.8,24.2,650.3333333,134.8
785.8,149.6,259,908.5,926.2,36.2,632,138.4
828.1,140.2,330.4,748.5,1245.6,210.4,849.3333333,116.4
477.2,91,437.8,438,1015,242,429.3333333,119.8
436.8,127.6,37.6,429.25,799.2,191.2,519.6666667,58.2
659.2,117.8,42.8,189.5,731.8,130.4,482.3333333,78.6
991.5,181.8,410.8,192,829.4,165.8,486.3333333,158.6
877,114.8,127.2,226.25,534.2,218.4,280,94.6
590.5,148.6,55.6,349.5,1422.8,403.2,565.6666667,41.2
607.6,121.2,112,335,1161,219.2,748.3333333,58.4
609.8,91.6,226.4,402.75,1202.2,21.6,816.6666667,141.2
540.6,173.2,196.2,333.25,2099.2,43.4,712.6666667,160
554,102,129,400.25,679.6,33.8,483.3333333,150.6
757.1,144.8,133,325,885.4,46,397.6666667,115
904,91.2,122.4,489.25,1027.4,54.4,696.3333333,163.2
612.3,113,74.2,302.25,877.2,41.4,742.6666667,173.4
553.6,213.6,79.4,389,756,39.6,686.3333333,79.6
532.4,140.2,136.6,641.25,828,110.2,484,79.6
572.7,69,122.4,542,702,41.2,728.6666667,101
656,130,242.6,481.75,944.6,31.4,248.3333333,180.6
600.6,81.4,27.6,653.25,936,31.4,513.6666667,43.4
442.8,51.2,83.8,332.5,792,46,737.3333333,21.6
623.6,104,20.2,481.25,894.8,16.8,893.6666667,117
743.4,30.8,57.6,798,434.8,9.6,576,108.6
458.1,28.2,37.8,973,604.2,50.8,289.3333333,150.2
817.6,41.6,49.6,707,521.2,7.2,310.6666667,81
623.5,28,12.6,599.5,549.6,16.8,608.6666667,94.4
873.1,48.8,2.6,719.5,722.6,28.8,692,62.8
906.5,35.8,73.4,1051.25,861.8,33.8,615.3333333,65.4
575.8,54.4,20.65696313,617.25,761.8,0,675,73.2
649.5,35.8,58.2,357.75,1005,7.2,664.3333333,112.2
745.9,105.2,58.2,733,1240.8,7.2,524.6666667,46
828.8,45.6,45.2,872,1030.2,12,402.6666667,114.6
522.3,28.2,242,438.75,852.8,36.2,447.3333333,109.2
653.5,43.8,140.4,467.25,808.2,4.8,648.6666667,57.8
418,36,7.6,362,804,0,328.6666667,99.4
483.2,53.2,105,229.5,977,2.4,659,60.4
657,25.6,186.4,323.25,923,43.4,475.3333333,147
456,25.6,47.2,349.75,1829.2,38.6,425,82
604.7,25.6,293.2,644.25,1410.8,26.4,341.3333333,175.2
468.8,86,120.4,539,840.6,9.6,576,216.4
710.9,115.2,103.8,346.75,1082.6,115.8,123.6666667,185
524.5,23,97.4,492.5,1520.4,77.2,352.6666667,106.6
644.9,23.2,143,713.75,1525.8,38.6,827,119.8
758.9,71.8,181.8,444.25,2091.2,70.8,167.3333333,264.6
619.6,66.2,179.6,465.5,1199.2,94.2,283.3333333,168.6
738.7,51.2,77.4,540,1151.4,45.8,605,107.8
384.2,69.6,87.8,319.5,1111.2,50.6,529,101.8
639.2,33.2,27.6,501.5,1470.2,156,304.6666667,204.4
422.2,7.8,30,558.5,1140,82.2,640.6666667,77.8
536.9,25.6,35.2,537.75,1074,45.8,430,53.2
763.2,28,0,374.5,1050,68.6,280,165.6
405.2,52.2,65.2,548.25,953.6,236.2,152.6666667,45.8
445.7,63.8,56.6,630.5,871.8,143,410.6666667,99.8
413.4,46.6,62.4,594.75,1077.2,83,281.6666667,93.2
371.2,38.4,32.6,521.75,906.4,48.4,612,78.8
490.9,35.8,79.8,803,1137,62.8,443.6666667,51.6
283.8,15.4,66.2,402.75,744,33.8,417,82
378.9,10.4,76.8,252.25,853.4,12,499.3333333,128.6
445.5,71.6,17.6,401.5,579.4,50.8,825.3333333,136.4
722.9,15.4,40.2,768.5,717,33.6,791,26.6
525.8,84.4,169.2,581,1181.6,101.4,392.6666667,72.4
689.7,66.6,47.6,309.75,1722.4,36.2,315,40
551.9,89.6,76.2,620,1866,7.2,337,59.4
384.9,74.2,98.4,328.25,3395,45.8,236.3333333,45.8
632.5,48.8,67.2,328.75,3904.2,95.6,579.6666667,70.8
701.7,18,65.6,276.75,3111.6,56,547,100.4
535.8,56.4,5,203.75,2201,93.2,716,150.6
475.6,62.8,37.6,338,2241.8,236.6,654,299.8
479.5,75.8,35.2,476.25,1769.8,94,715,317.2
481.9,87,152.6,614,2670,305.8,873,317.8
481.8,84.4,166.2,354.5,1141.4,99.6,587,238.6
443.7,78.4,25.2,244,1385.4,58.2,394.3333333,192.2
522.8,53.8,17.6,572.25,2037.8,302,661.3333333,172.8
423.1,108,22.6,539,1798.4,111,588,121.2
622.6,86.6,0,324.25,2072.6,65.6,532.6666667,114.6
441.8,97.4,10,130.5,946.2,26.4,599,147.8
407.6,49.6,56.6,339.5,1066.6,38.4,658.3333333,131
361,87,191.2,129.75,609.2,19.2,784.3333333,68
355.6,25.6,128.4,168.75,656,19.2,426,81.6
306.3,60.8,53.8,280,625.6,12,559,89.4
642.8,67.2,35.6,326.25,872.8,21.6,520,101.8
556.4,51,60.4,300.5,1398.6,26.4,780,94.2
985.3,43.6,247.4,553.25,2154.6,9.6,818.6666667,155.2
680.4,54.8,373.4,661.5,2321,16.8,717.6666667,57.4
1065.9,48.8,186.2,689.25,2540.4,14.4,403.6666667,68
896.6,72.2,194.8,767,2361.8,2.4,853.3333333,156.4
932.2,94.6,247,642.5,2268,17,462,143.2
852.8,160.4,190.2,819.5,2867.8,46,441,48.2
805.2,117.8,59.6,407.25,2372.4,21.6,415.6666667,114.2
937.7,68.2,30.2,314.25,784.2,9.6,173,169
904.6,43.6,5,631.75,631.4,4.8,187,124
831.7,75.8,5.2,595.25,758,21.6,135,33.8
771.7,116.8,76.4,350.75,596.2,9.6,367,85.4
890.7,160.8,142,731,413,41,540.3333333,146.4
700.2,141.4,279,1184.75,1196.2,60.4,364.6666667,269.2
1572.4,63.4,30,910.5,1195.8,38.6,782.6666667,103.4
1159.1,70.2,197.2,952,1374.4,28.8,473.6666667,125.4
1061.8,35.8,169.8,628,1442.6,120.8,527.3333333,75.4
1405.6,134.8,44.6,394,1402.6,186.4,621,120.8
1105.5,75,17.6,678.5,1453.8,120.2,784.3333333,197.4
378,195.4,0,647.5,594.8,172.8,688.6666667,58.8
503,88.2,15.65696313,444,569.8,202.2,550.3333333,139.2
478.5,125.4,117,484.5,503.2,120.4,372,233.8
963.6,88.6,211.2,500,543,94.6,263.6666667,247.2
407.8,113.6,546.6,396.3775499,502,77.2,559.6666667,53.2
806.1,53.8,182.6,768,389.8,47.2,481.6666667,44.8
1030.7,169,73,599.75,389,86.8,723,19.2
1199.8,223.8,38.6,463.75,426.6,130.8,537.6666667,28.8
889.8,99.8,161.2,606.75,530.4,60.6,504.6666667,101
1128.6,135.6,127.4,508.75,510.8,112.4,409,31.2
1238.7,191,210.2,365.25,403.6,76.4,326,118.8
1113.7,85.2,220.8,518.75,294.6,26.6,147.6666667,97.2
1574.3,38.4,120.4,424.25,572.6,9.6,128,89.4
1500.4,28,32.8,674,594.6,43.4,383.3333333,154.4
800,69.8,32.6,522,524.4,61.8,616.3333333,60.6
1076.7,46,5.2,432.25,766.4,31.4,613.3333333,45.8
938.3,66.6,41.6,394.5,973.2,50.6,420.6666667,110.6
1063.9,43.6,0,400.25,1050,36.2,484.6666667,167.6
1666.7,65,30.2,469.75,575.6,38.4,207,205.2
906.4,51.2,27.6,374.75,763.4,104.2,617.6666667,103.8
858.1,12.8,32.6,719.75,807.6,41,523,73.4
1166.4,173.6,37.6,752.25,582.4,173,257.6666667,148.2
1471.4,135.4,68.4,417.25,788.6,89.8,166.3333333,140
773.6,137.6,25,283.5,1129.4,24,125.3333333,60.4
850.7,79.4,7.6,408.5,330.2,65.6,151,31.4
826.6,70.2,5,148,431.8,72.8,76.66666667,19.4
883.1,116.8,10,158.5,391.4,59,393.3333333,14.4
1076.3,120.4,32.6,124.75,327.2,29,445.6666667,92.8
849.7,121,44.6,369,260.6,9.6,700,151
898.5,15.4,30.2,428.25,653.2,42,757,85.8
723.7,89.8,55.2,269.75,800.4,24.2,1005.333333,59.8
1000.1,66.4,106.8,357.5,244.6,29,926,152.2
906.1,125.4,126.4,320,266,41,1147.666667,100.6
719.5,107.4,32.6,435.5,258.4,43.6,846.6666667,136.2
1069.5,116.8,83.4,236,302.6,36.2,556.3333333,70
1269.8,224.8,2.6,611,256.2,60.4,637.6666667,117.8
911.9,242.4,27.6,875.75,556,92.2,525.6666667,74.8
902.1,166.4,7.6,515,1003.6,76.2,776,95.6
1129.9,105.6,22.6,276.75,1412.8,90.4,643.6666667,180
1415,170,7.6,236,1432,122.6,532.6666667,82.2
1181.3,58.8,0,479.25,1161,76.4,402,191.6
1295.8,149,37.6,699,1210.4,12,1541.333333,168.6
1617.1,148,25.2,453.75,1262,54.2,627.3333333,80.6
1650.5,38.4,141.6,173.25,488.4,128,403.6666667,96
1685.3,121,30.2,480.5,350.8,162.8,400.3333333,86.8
930.6,149,20,879.5,352,79.2,638.3333333,100.2
1226.9,130.6,56.4,791,215.2,79.6,587.3333333,87.8
1263.8,152.6,62.8,799.25,225.4,104.8,661.3333333,60.8
1436.2,337,47.6,694.5,211.8,62.8,613,164.8
756.3,259.6,22.6,756.75,882.8,48.4,927.6666667,97.4
708.1,290,37.6,600,1443.6,54.2,625,107.6
1175.5,354.2,95.4,983.25,1316.6,62.6,1041,103.8
1903.1,159.8,37.6,785,1220.8,55.6,635.6666667,16.8
1453,175.6,56.2,862.75,1115.8,28.8,439.3333333,67.2
1468.7,43.4,25,609.5,658.8,19.2,591.3333333,103
1173.5,67,109,380.25,460.2,19.2,714.3333333,31.4
1100.7,208.4,280.2,358.75,541.6,81.8,646.2299323,47.2
773.7,166.4,99.4,699,526,112.6,461.6666667,82.2
827.5,95.8,172,774.25,655.4,132.8,694.6666667,59.8
590.4,154.2,207.4,763.5,641.4,68,862.6666667,128.2
517.7,164.8,50.6,1057.25,498,68.6,953.3333333,120.4
1046.7,191.6,15.2,867,321.2,53.2,572.6666667,143.4
1045.9,275,25,812.75,709.6,105.2,246.6666667,128.6
526.1,144.8,207.8,1028.25,512.4,82,96.33333333,131.2
809.5,217,126.4,928,398.2,118.2,205,100.4
767.2,86.4,50.6,812.5,196,85,187.6666667,14.4
431.7,116.6,68.2,594.25,408,72,225.3333333,71.4
744.6,145.8,15,776,347.2,38.6,188,141
411.3,23,7.6,1418.75,337.6,138.6,427.6666667,132.8
273.8,99.8,32.6,1278,514,218.8,221,157
348.5,79.4,15,959.25,455.2,116,584.6666667,105.8
579.9,66.2,30.2,424.5,280.2,166.6,195.3333333,112
652.2,82,50.2,445.25,545.6,169.4,399.3333333,78.6
771.9,100,5,480.25,339.2,62.6,114.3333333,74.8
464.3,110,7.6,633,280.4,80.2,333.6666667,48.4
572.6,49.2,15.2,612,371,58.4,769,38.6
450.2,154.8,27.6,1391.25,279.2,60.6,331,21.8
239.2,80.4,17.6,1175.75,334.2,64.2,304,80.6
168,130.8,116,817.75,302,53.2,264.3333333,80.4
365.7,102,2.6,900.25,422.6,63.2,423.3333333,74.8
330.2,93,7.6,769,442.6,48.4,771.6666667,12
247.7,134.6,0,723.25,442.2,29,558.3333333,98
254.3,296.6,25.2,1017,290.6,62.4,1053,14.4
341,173.6,10,925.25,462.2,45.8,919,108.6
401.6,158.6,20,877,278.2,73.8,589,192.4
243.3,162.8,42.6,924.5,312.2,157,532.6666667,251.6
358.9,234.6,97.4,864.75,437.6,58,776.6666667,138
362.8,272,79.2,819.75,429,82.2,706.6666667,96.6
379.6,135.2,63.2,645,260.8,48.2,586.3333333,140
263.8,349.2,35.2,740.25,232.2,48.81162871,724.896599,114.4
247.3,169.6,22.6,932.25,360.8,19.2,996.6666667,137.2
108.3,219.6,69.2,1123.25,236.6,21.8,510.3333333,79.6
230.9,133.8,0,947.75,375.2,12,224.3333333,92.6
86.6,195,0,1323.75,318.8,19.2,590.6666667,84.6
225.7,119.8,171.2,1232.25,312.2,53,451.3333333,48.2
303.4,133.2,206.4,1005,699.6,105.8,465.5632657,92.6
358.5,172,47.2,711.5,283.6,138.6,434.3333333,128
501.1,185.8,2.6,793.25,552.4,86.4,518.3333333,145.8
242.3,186.8,15.2,1003.25,348.8,71,996.6666667,150.6
197.1,129,37.6,859.5,232.2,76.2,439.3333333,33.6
461.6,30.8,20,608.5,262.4,33.8,385.6666667,108.4
718.4,10.2,10,487,255,116.4,340.6666667,67.6
646,7.6,27.6,318,323,62.8,490.6666667,53.2
567.2,23,60.6,232.25,389.6,46,329.6666667,100
250.9,86.6,62.6,445.25,436.8,115.4,339.6666667,87.4
479.4,103.4,90.8,812,399.6,163.2,1080.333333,98
658.2,57.8,65.4,471,767.2,230,609.3333333,146.4
726.7,81.4,54.8,568.5,715.8,491.4,569.3333333,143.8
636.6,59,111,441.75,310.4,151.8,433.6666667,135.2
705.7,69,68.2,804.25,701.6,124.6,221,81.6
790.4,158.6,84.8,545.75,879.4,181.2,240,128
449.7,128,15,275.75,837.6,33.8,343,163.8
798,214,168.2,232.75,668.8,58.2,936,64.6
603.3,97,159.6,427.25,744.4,79.6,973.6666667,91.8
400,142.8,216.8,268.25,916,79.2,482.3333333,118
454.9,95.8,184.6,269.5,960.2,234.2,634,109.6
618.3,33.2,42.8,354.5,660.2,116.8,795.3333333,122.2
570.5,33.2,323.2,556.5,693.2,88,487.3333333,187.4
871.9,65,321,599.75,1222.6,16.8,394.3333333,91.6
698.6,56.4,172.6,527.75,1065.6,48.2,282.3333333,74.4
740.6,177,265.6,675.25,924.6,101.4,496.6666667,90.4
866.6,129,234,506.25,964,29,390,72.4
834.3,122.8,185.2,481.75,867.8,52.6,676.6666667,55.4
624,130.8,158.2,979,841.4,50.6,232.3333333,161.8
595.5,89.6,50.2,996.5,843.8,43.4,278.3333333,64.2
365,73.2,139.8,649.25,801.6,48.6,265.6666667,129
419.4,41,183.2,380.5,672,41,247.3333333,58
573.8,66.6,135.2,463,484.6,75.8,299.3333333,112
650.8,51.8,190.8,532.75,799.6,14.4,334.6666667,225.2
868.3,20.6,167.8,461.25,774.4,51.21162871,374.3333333,166.2
601.4,10.4,155.6,684.75,925.6,4.8,321,78.6
909.9,23.2,97.4,591,983.2,9.6,282.6666667,169.8
586.3,41,188.8,284.25,1189.4,9.6,570,131.4
401.9,56.4,25.2,352,625,26.6,479.6666667,91.8
571.3,167.4,65.8,194.75,399.4,132.8,365.3333333,146.2
600.4,148.6,170.4,286.25,868.4,94.2,195.6666667,84
470.4,13,202.2,808.25,868.4,21.6,586.3333333,115.8
924.2,83.4,86.4,533.25,1027.6,36.2,500,158
774.1,42.4,25,711,1007,16.8,697.3333333,152.2
491.2,126,58,352.25,1027.4,48.2,496.6666667,361.6
645.5,180.8,86.2,441.75,751.6,55.4,527.3333333,98
410.9,78.4,196.8,339.5,997.6,21.6,609,90.4
383.9,130.6,266.6,544,753,19.2,491.3333333,101
508.1,110.2,15,504.5,381,26.4,428.3333333,189.4
434.7,69,7.6,243.75,601.4,33.8,465,142.4
506,117.4,108.4,212,476.4,53.2,419.6666667,53.2
740.2,250.8,237.4,316.25,426.6,7.2,622,210.8
731.6,188.8,236.2,451.75,344.4,141.2,414.6666667,228
548.6,176.6,372.4,125.5,321,94.6,486.3333333,249.2
432.5,223.2,159.6,244,476.6,125.2,548.6666667,170.6
516.5,128.6,170.4,407.25,515.4,74.8,299.6666667,135.2
586.9,97.8,240,539.5,537,62.8,431,90.4
579.3,91,225.8,571.5,487.2,46,299.6666667,31.4
684.6,28.2,169,493,411.6,95,450.6666667,157.4
467.7,53.4,52.6,428.5,434,21.6,467,50.8
509.7,89.6,102.4,258.5,745.4,19.2,346.3333333,174.8
215.2,65,163.2,719,321.2,50.6,320.6666667,122.6
239.4,33.4,17.6,476.75,144,31.2,359.3333333,158
157,43.4,37.6,568.75,260.6,41.4,484,102.4
289.7,63.6,25.2,448,488.2,51.6,370.3333333,72.4
314.3,103.4,84,711.5,415.6,14.4,406,46
334.1,41,222.4,587.25,510.4,155.6,356,105.2
557.7,5.2,55.4,419.75,688.6,116.8,432.3333333,51.6
598.1,25.6,15,468.25,360.8,127.6,490.6666667,41.2
568.7,30.8,75.2,670,138.6,185,629,93.8
543.2,10.2,58.2,584.25,219.8,103.8,605.3333333,109.2
441.7,7.6,52.8,840.75,221.6,50.8,560.6666667,65.8
428.3,0,128.6,1095.25,252.4,45.8,471,36.2
723.4,0,22.6,461,247,82,486.6666667,65.6
910.8,15.4,42.8,989.75,161.6,58,338,58
890.4,58.8,25.2,809.25,368.8,16.8,620.3333333,43.6
476.5,23,50.2,664.5,458,34.2,243.3333333,77.4
617.7,28.2,42.6,977.5,424.2,31.4,248.3333333,51.6
759.2,144.4,37.8,244.5,650.4,55.6,240.6666667,57.4
611.3,146,100.4,440.75,1332,100.4,271.3333333,19.2
478,180.2,243.2,393.75,1182.4,46.2,522.3333333,31.4
458.7,162.8,223.4,575.25,1211.8,48.4,350.6666667,91.4
644.4,170,47.6,714,467.6,73.4,493.3333333,7.2
780.7,196.6,37.6,613.5,323.2,71.4,351.2299323,50.8
543.1,105,109,812.5,187.4,83.4,688,98.6
445,40.8,48.2,711.25,138.6,65.2,1070.333333,127.8
449.8,7.6,27.8,735.75,220.2,91.2,735.6666667,24
321.1,85,27.6,862,558.2,83,698.3333333,43.6
243.3,28.2,70.2,757.75,933.6,77.2,979.6666667,41
521.9,45,75.4,964.75,657.4,66.6,1038.333333,104.2
275.2,61,128.2,862,395.4,72,1484,77.2
291.4,89.2,111,576.5,312.6,29,1186.333333,81.6
604.3,38.4,88,337,107.2,16.8,1183.666667,132.4
249.5,88.6,25.2,475.75,35,26.4,683.6666667,149.2
406.5,82,63.8,277.5,244,41,1171.666667,148.8
348.1,192.6,284.6,457.5,137.6,38.6,924,97
412.4,92.6,185.2,596.75,201.2,21.6,1188,128.4
272,153.6,171,428,195.2,31.4,997.6666667,51
252.4,88.6,163.6,501,163.2,4.8,1220.333333,142
352.3,177.2,294,770.5,660.4,4.8,695.3333333,95.6
479.4,89,118.6,547.75,381,12,1227,61.8
462,89.4,188.2,553.5,252.4,68,789.3333333,89.8
554.5,74.8,158.6,275,389,31.4,572.6666667,16.8
300.4,57.8,269.4,387.75,263.4,24.2,808,74.8
270.9,128.2,183.8,309.25,287.2,31.4,1539.666667,100
334.1,65.6,130,329.25,382.4,59.4,1554.666667,200.8
400.9,18,12.6,187.5,587.6,125.6,1019,90.6
512.8,18,81.4,226,476.8,110.2,424.3333333,150.6
799.6,12.8,57.2,479.25,332.8,45.8,849.3333333,78.8
702.7,15.4,30.2,512.75,413.4,59.2,969.6666667,70
508.1,84,244,520.25,236.8,41,830.3333333,154
352.1,87.6,72.8,727.75,466.2,24.2,704.6666667,163.2
450.9,38.6,40.4,522,461,21.6,792,68.4
466.1,23,45.2,733,245.4,16.8,1004.333333,60.8
383,30.6,17.6,451,467.2,62.6,1000.333333,16.8
501.9,126.4,90.2,651.25,330.4,41,322.6666667,24
607.2,101,144,566.5,214.4,46.8,687.6666667,84.6
262.8,132.2,117.6,448,339.8,72.6,509.3333333,104.2
391.9,132,42.8,707.25,233,67.4,647.6666667,105.2
216.1,10.2,25.2,411,174,58.8,736.3333333,82.8
145.9,53.8,88.8,530,203.4,56.4,588,132.8
615.8,163.8,22.6,463.5,281,51,784.3333333,98.6
302.1,207.6,17.6,352,359.8,24.2,355,126.6
401.5,277.6,47.6,418.5,282.2,55.4,480.6666667,98
294.4,144.4,101,672.75,462.8,36.6,305.6666667,29
100.7,122,40.2,447.25,231.4,56.4,502.6666667,24.2
254.1,207.8,160.8,414.75,238.8,33.8,531,58.4
182,197.6,35.2,226.5,285.6,46.2,1475.333333,31.2
216.4,296,111,450.5,72,96.2,1043.666667,123.8
238,213.2,175.6,733.5,170.2,115.6,975.3333333,79.2
411.7,159.8,266.2,692.75,107.4,53,406,77.2
273.1,166.4,110,855.75,151.2,88.4,861,70.4
228.1,219.2,281.6,893.5,341.6,9.6,709.3333333,55.4
293.1,129.4,177.4,712.75,359.6,12,442.6666667,100.4
416.6,150,55.4,409.75,195.8,12,262,67.6
185.7,96.8,130.8,855.25,174.6,19.4,224.3333333,124.6
199.1,107,97.8,904.25,194.8,211,304,88.4
126.9,263.8,84,609.5,255,67.6,287.6666667,29
307.6,97.8,74,844,661.8,7.2,653.6666667,19.2
345.1,265.6,5.2,651.25,376.4,12,400.3333333,9.6
395.3,426.6,20.2,898,75.8,68,363.3333333,59
429.1,228,32.6,480,84.8,33.8,689.3333333,63.2
389,192.6,134.4,855.75,30.2,43.8,543.6666667,82
286.4,43.6,71.4,617.5,321.6,36.2,748.3333333,70.6
320,56.4,35.2,951.75,634,50.8,1087.666667,52
447,113.6,112.4,448.5,1124.2,14.4,724.3333333,91.6
550.9,58.8,87.8,702,778.4,57.8,842.3333333,56
615.9,168,63.2,694.5,858.2,297.6,318.3333333,12
259.7,260,60.2,1068.25,803,160,385.6666667,33.8
246.8,334.8,136.6,786.25,891,59,604,49.6
265.6,234.2,53.6,720.25,1162.2,50.6,974.6666667,124.4
297.5,237.6,40.2,777.25,812.2,26.6,395,151.6
690.7,170,84,757.25,714.4,47.2,535,80.2
376.4,178,161.6,575.75,333.2,24.2,626.3333333,96.2
450.9,83.4,185.8,361,255.6,43.4,487.6666667,69
485.6,195.2,119.4,528.25,159.6,43.4,491.6666667,86
790.6,134.2,353.4,811.5,102,41,501,42.4
674.5,119.8,150.4,218.25,258,103.8,749.6666667,53.6
409.8,233.6,123.6,471.75,386.2,66.6,415.6666667,72.8
575,62,40.2,908,304.2,46.2,792,86
501.2,0,79.2,1261.25,366.2,38.6,342,93.2
231.5,10.2,88.4,889.75,337.8,14.4,455,36.2
397,2.6,77.8,321,273.2,71.4,541.3333333,14.4
286.2,48.6,87,450,456.8,72.8,397,36.6
249.5,43.6,67.6,676.25,699.2,56.8,694.6666667,40
247,33.4,100.8,1083,803,49.6,512.3333333,60.4
305.2,30.6,27.6,400.25,613,238.6,874,31.4
359.7,7.6,12.6,63.25,340.4,183.8,750.3333333,0
320,0,85.4,64.5,223.8,113,325.3333333,26.6
141.6,10.4,50.8,198.75,568,241,644,0
378.6,39.4,104.4,287.25,320.6,186.6,624.6666667,12
180.4,2.6,107.4,235.75,207.6,39,1260.333333,26.6
372.3,12.8,123,365.75,177.8,48.4,1138.333333,36.2
187.1,0,314.8,272.25,403,14.4,633.3333333,29
125.4,5.2,374,230.75,173,47.8,692.6666667,55
131.3,18,299.2,106,288.4,36.2,880,42
138.3,69.6,166,642.75,207.4,55.6,824.6666667,24.2
259.5,36.4,128,377,223.2,33.8,794.6666667,121.2
226.5,54.4,264,771,191.8,21.6,790.3333333,113
155.1,67,108,668.75,438.2,59,764.6666667,134.8
84.8,28.2,241.4,433,642.6,12,509.6666667,222.8
121.5,96.8,179.6,624.25,631.4,53.6,536,155.2
414.2,67,100.8,455,937.2,24.2,780.3333333,91.6
308.6,12.90162885,65.2,542.25,667,58.4,1894.666667,101
347.5,106.4,246.6,503.25,665.4,59.4,1433,203.8
437.1,25.6,75.8,621,790,109.2,1012.333333,115.4
320,25.6,47.8,310.5,807.8,79.8,440.3333333,77.2
198.7,5.2,27.6,829.5,845.4,26.6,920,136.2
411.6,0,5,694,1006.8,102.4,972,50.8
368.8,0,32.6,670.25,670,50.6,852.3333333,31.4
333.3,2.6,48.2,632.5,661.6,80.6,641,164.2
299.7,0,7.6,628,700.2,31.4,623.6666667,84.8
323.3,41,67.8,1217.75,686.4,19.4,985,50.6
634.1,28.2,78.2,989.25,728.4,65.2,845.6666667,48.2
353.6,7.6,47.8,929.75,996.6,45.8,1313.333333,52
468,0,97.4,909.25,902.8,53.2,993,125.2
618.9,2.6,25,1018.25,1084.2,280.2,584,54
609.8,0,90.4,959.25,723,301,843,14.4
447.9,2.6,27.8,1039.25,359.2,417.8,876.3333333,58
273.9,5.2,57.6,1072.25,243.4,98.4,365,96
317.5,0,47.6,783,183.6,99,572.3333333,97
338.3,0,91.2,788,123.6,86,931,107.2
289.5,7.6,150.2,1175,106.6,83,728.6666667,43.6
132.3,0,96,1019.75,226.8,135.2,275,66
362.1738061,0,86.4,856.5,238,100.4,583.6666667,52.6
237.3,0,72,426.75,170.6,244.6,981.6666667,38.6
443.8,0,85,783,157.8,241.2,866.3333333,83.2
437.8,0,40.2,373.25,254,173.4,1157.333333,58.4
355.5,0,30.2,353.75,290,149.2,665,16.8
355.5,0,20,665.75,195.8,288.4,792.6666667,67
353.2,0,22.6,572.25,81.8,48.2,537.3333333,202.4
526.8,10.2,0,514.75,167.2,85,964.3333333,117
518,0,0,539.5,176,136.6,513.6666667,78.6
578.8,0,52.8,471.75,138.8,222.6,55.33333333,106.2
671.3,7.6,110.4,365,358,250.6,51,80.6
542.9,0,47.8,893.5,130.6,161.8,523.3333333,62.8
534.2,0,55.4,790.5,117,98.4,1161.333333,150.8
381.6,0,37.6,437.25,246.4,107.6,504.3333333,206.8
466.8,0,20.2,668,191.8,64,711.6666667,264.6
214.7,0,32.6,728.25,168.6,45.8,758,243.8
382.9,0,83.4,796.25,161.6,112,1267.333333,427.6
308.9,2.6,98.8,581.75,281.6,14.4,1079.666667,301.4
370.2,85,10,624.75,59.6,24,767.3333333,131.4
279.4,88.6,37.6,609.25,208.4,69.4,1042,110.6
235.4,54.8,45.2,301.25,121.8,80.6,1133.333333,104
293.1,39.4,91.8,289.5,246.4,125.4,1714.333333,135.8
426,2.6,60.2,468.25,271.8,55.6,2353.333333,185.4
210.4,7.6,78.8,716.5,397,60.4,1588,270.4
288.2,36.4,66.8,591,345.4,81.2,1408.333333,88.2
152.7,92.2,47.8,527.75,438,148.4,605,21.6
338,64,156.6,268.75,315.8,100.8,986.6666667,123
464.4,230,92.4,167,114.8,74.8,871.3333333,220.8
640.2,287.6,91.2,369,69.2,26.6,1067.666667,21.6
255.7,117.8,84.6,291.75,237,41,268.6666667,29
421.5,103,128,286,213.2,48.2,385,12
433.8,12.8,70.4,239.25,225.4,24.2,848.3333333,50.8
394.1,12.8,43.4,520.5,194.6,28.8,316.6666667,59.8
354.1,70.6,32.6,673,77,14.4,147.6666667,114.8
175.5,0,32.6,684.75,162.4,29,179,65.2
200.7,0,30,850.75,271.2,26.4,17,41
217.5,10.2,27.8,566.75,281.8,28.8,308.3333333,72.4
261.1,0,50.2,653,213,70,156,31.2
363.2,0,76,457.25,335.4,53.2,236.3333333,31.4
132.3,56.4,91.8,465.75,453.8,33.6,423.3333333,31.4
156.7,85,80.8,228.25,361.8,49.6,379,48.2
128.2,51.8,10,504.5,501.8,24.2,146,129.8
243.2,139.4,57.8,387,619,41.4,55.33333333,62.2
280,80.4,156.2,550,162,38.6,325,65.6
236.3,251.4,164,639.5,192.8,40.8,284,68.2
418.8,76.4,98.8,464,329.4,44.4,346.3333333,24
290.5,36.4,59.2,466.75,381.8,50.6,325.3333333,48.2
525.6,35.8,83,202,224.6,114.4,750,50.6
770.9,12.8,50.8,282.25,154.2,50.8,99,24.2
398,20.4,106.8,273.75,265.6,12,176,44.4
493.3,7.6,70.4,232.25,70.4,9.6,304.6666667,130.4
501.3,48.8,308.4,91,184.8,58.2,255,78.2
416.4,30.8,131.2,67,143.6,19.2,458.3333333,71.4
441.7,44.6,103.4,88.5,365.4,12,64.33333333,29
240.4,35.8,142.8,124.25,400.2,74.8,158,54.2
450.2,56.2,224.4,91.75,227.4,136,224.3333333,26.6
426.4,7.6,206.8,307.25,171,173.8,219.3333333,38.6
325.2,28.2,151.8,327,235.4,85,195.6666667,29
127.3,25.80325769,173,158,281.6,19.4,740,26.6
210.5,231.4,247.4,357.75,256.5315065,68.6,131.6666667,26.6
225.3,277.2,224.8,396,110.6,51,174.3333333,251.6
413.8,103.4,224.4,497,302.8,19.2,172.3333333,48.6
387.7,15.4,138.4,253,509.6,14.4,238,45.8
123.4,0,95.4,157.5,229.8,28.8,55.66666667,39
166.4,2.6,167.2,105.25,145,19.2,59.66666667,50.8
451.3,0,59.2,373.75,396,111.8,232,12
263.6,5.2,158,159.25,379.6,81.6,147.6666667,4.8
330.3,18,108.8,616,289,108.6,882.3333333,43.6
117.3,0,299.2,870,272.4,33.8,1388.333333,12
107.1,0,123,490.75,303.6,26.6,2401.333333,19.4
215.6,23,289.6,580.75,298.6,79,1560,29
266.5,0,360,515.25,353.2,24,514.6666667,21.6
233.6,0,357.8,482.5,186.2,42,1095.666667,14.4
159.1,0,55,393.5,79.8,21.8,976.3333333,59.2
294.3,0,139.2,704.75,25.2,36.2,2023.333333,36.2
126.2,2.6,95.8,374.5,7.8,7.2,913,56.8
375.7,0,35.2,495,22.6,33.8,1848.333333,21.6
167.6,0,208.8,578.5,96.8,19.2,1292.666667,61.8
307.6,0,113.8,757.75,7.6,19.4,1356,38.6
327,0,60.2,789.25,95,16.8,1919,81.6
193.1,0,262,456.25,88.8,33.8,1599.333333,45.8
104.4,0,226.4,634.5,96.4,21.6,956.6666667,70.4
146.2,0,180,501.25,322.8,36.4,772.3333333,2.4
166,0,70.4,146.75,409.2,43.8,612,74.8
267.8,0,176.4,115.5,375.6,12,501.6666667,7.2
47.6,5.2,349.2,56.5,433.2,4.8,561,36.2
94,0,196.6,19,376.4,24,618.6666667,94.6
104.3,0,115,40.75,428.2,47.8,1176.666667,2.4
102.3,0,123.8,3.25,434.6,16.8,881.6666667,2.4
51.9,0,107.8,80.25,334.2,31.4,430,36.2
160.5,0,79.8,170,372,26.6,2880,51.2
189.2,0,101.4,44.25,284.8,87.4,2301.333333,40
220.5,0,101.4,568.25,224.2,21.6,1184.333333,43
160,0,186.4,128.75,214.2,62.8,881.6666667,4.8
206.8,0,224.6,234.5,297.6,19.2,1153,4.8
260.7,10.2,80.2,190.75,267,29,1473,4.8
357.2,163.4,140.4,929.25,422.6,47.8,1949.666667,12
264.7,12.90162885,108,1403.5,231.2,39,1633,14.4
140.7,81.4,278.6,1459.5,272.6,36.2,1997.666667,19.2
158.5,0,211.4,999.75,186.2,33.8,1846.666667,2.4
168.7,2.6,85.8,783.25,181.4,84,2063.666667,7.2
206.7,0,45.2,699,199,93.6,1397.666667,0
131.7,0,302.6,434.75,219,81.6,402.6666667,0
132.2,7.6,98,633.5,181.4,62.2,455,0
99.9,18,217.8,224,181.2,61.8,876.3333333,45.8
167.9,12.8,103.8,405.75,167.2,31.4,852.6666667,9.6
250.9,0,327.8,484.5,190.2,42.4,302,80.2
171.4,0,51.8,317.5,191.2,63,352.6666667,0
264.7,0,214.4,332,86.8,24.2,188,7.2
468,0,52.8,398.25,131,19.4,1025,0
392.6,2.6,88.8,660,115.4,33.8,532.6666667,0
445.8,0,116,520.6275499,85,31.4,517.3333333,2.4
254.9,0,624.4,684.5,68.2,4.8,479.3333333,83
294.5,0,140.2,187.75,50,12,879.6666667,67.6
135.3,0,505.4,69.62754986,172.2,7.2,653,12
213.1,0,534,182,81.8,19.4,191,4.8
111.1,0,715.8,287.25,65.8,54,219.3333333,16.8
180.7,0,113,138,0,60.8,106,73.4
213.4,0,94.8,186.25,40.2,38.6,104,9.6
131.4,0,57.2,135.5,74.4,38.6,86.33333333,24.2
151.3,0,47.6,336.25,45.8,41,861,0
225.6,0,233,615.5,77.8,9.6,1040.333333,14.4
115.1,10.2,55.4,162,5,7.2,999.3333333,29
257.7,0,17.6,131.75,30.2,9.6,548.6666667,2.4
318.1,0,20,167.5,105.4,21.6,544.3333333,174.4
178,0,15,251.5,22.6,33.8,197.3333333,78.2
128.3,7.6,57.8,358.25,2.6,4.8,559,51.6
370.4,0,45.4,71,35.6,9.6,1468.666667,37.2
438.5,0,25.2,55.75,17.6,31.4,1156.333333,12
252.4,0,7.6,95.25,77.8,41,1792,7.2
319.3,39.4,12.6,188.25,88.4,31.4,973.6666667,0
312.6,0,12.6,435,50.6,59,807.3333333,0
128.6,2.6,72.8,369,84.4,56.4,541,0
232.4,0,37.6,275.5,35.2,29,285,0
75.2,0,40.4,620,60.2,76.8,421.3333333,7.2
116.6,0,50.2,758.5,132.4,36.2,425,34.2
150.6,0,15.2,415.1275499,112.4,186.4,803,87
125.7,0,40.2,357,144.6,143.4,1205,2.4
145.6,0,20,465.5,275.2,64,886.6666667,24.2
361.6,0,108.4,40.75,317.2,64.6,1012,0
145.3,0,57.8,86.5,273.6,29,1384,0
160.7,0,10.2,104.25,166.6,0,900.3333333,192.2
179.7,42.4,94.8,298,225.4,7.2,558,0
267.6,25.6,32.6,156.75,263,49.2,81,0
418.7,0,0,273,85.8,42,187.6666667,9.6
497.2,0,10,476.75,107.4,65.2,193,0
382.7,0,30.2,391.5,46.2,41,186,0
461.8,0,88.4,301.75,47.8,38.6,410.3333333,2.4
244.3,0,55.2,207.75,0,48.2,55.33333333,0
256.3,0,17.6,252.25,57.6,12,21.33333333,4.8
446.9,2.6,35.6,99.75,99.33150651,33.6,135.6666667,0
565.1,25.6,17.6,156.75,42.8,24,472.6666667,26.6
409.7,0,75.6,220.25,115.4,14.4,247.3333333,2.4
313.4,0,22.8,195.75,73.8,28.8,299.6666667,0
192.2,2.6,20,273,90.8,103,371.3333333,0
321.5,12.8,44.2,279.75,270,75.81162871,496.6666667,0
87.6,0,30.2,95.25,279,77.2,968.3333333,0
155.8,0,22.6,126.75,274,174.2,567.6666667,73.4
169.8,0,155.6,279.75,261.4,398.4,221,113
341.5,0,32.6,301.75,224.2,188.8,38.33333333,105.6
27.3,30.8,43.25696313,184.5,422.6,156,274,69.6
92.9,0,140.6,207.75,156,83.6,153.6666667,4.8
105.7,12.8,227.6,113,234.4,193.8,243.3333333,24.2
119.8,0,40.2,361.25,141,213.6,556.3333333,14.4
104.3,0,20,556.5,102,341.4,298.2299323,0
124,5.2,7.6,48.25,125.6,212,199.6666667,0
217,5.2,41.6,232.75,223.8,324.6,358.6666667,0
241.6,5.2,80.4,391.5,372.4,244,326.6666667,0
166.7,0,292.2,443.5,138.5315065,166.2,65.66666667,0
120.2,0,188.8,120.5,127.4,370.6,47,0
167.4,0,45.2,223.5,180.6,501.8,199.6666667,12
212.5,0,23.25696313,106,140.6,181.6,76,2.4
185,0,179.2,286.75,145,271.2,42.66666667,9.6
95.4,0,40.2,150.5,166.6,423.6,8.666666667,0
119.7,0,367.4,264.75,138.6,311,65.66666667,12
102.4,15.4,183.8,468.5,117.4,188.8,4.333333333,14.4
241.6,0,121.2,518.25,30,61.6,17,12
141.2,0,147.6,593.5,7.6,38.6,55.33333333,0
22.5,0,119.2,671.5,151.2,74.8,135.6666667,7.2
12,0,169.6,286.75,40.2,60.4,65.66666667,0
18.1,0,224.4,95.25,98,66.2,4.333333333,0
277.8,0,330.8,167.5,10.2,57.4,12.66666667,0
160.1,0,228.4,473.75,0,92.6,25.66666667,0
60.4,0,25,272.25,2.6,66.6,159.6666667,0
37.6,0,109.4,0,7.6,117.8,12.66666667,0
42.4,2.6,17.6,9.5,0,31.4,21.33333333,0
93,0,15,31.25,0,19.81162871,70.66666667,0
82.8,0,0,56.5,0,9.6,65.66666667,0
66,0,0,67.75,10,12,60.66666667,9.6
6.5,0,0,9.5,27.6,14.4,51.33333333,0
22.8,0,0,52,59.4,12,51.33333333,0
18.6,0,18.25696313,67.75,32.8,4.8,0,0
29.3,0,285.2,44.5,7.6,2.4,8.666666667,0
18.5,0,12.6,48.25,15,0,0,0
16,0,35.6,67.25,0,9.6,4.333333333,0
59.1,0,30,86.5,2.6,7.2,0,0
149.8,0,15,6.25,0,7.2,4.333333333,0
73.9,0,25,91,0,4.8,60.66666667,0
83.3,0,5,22,25,24,78.33333333,0
119.9,12.8,10,22,37.6,29,0,0
76.1,0,35.2,121.75,90.4,28.8,106.6666667,0
